COUNTRY_CODE,COUNTRY_NAME,OPERATION_TYPE,COUNT
ABW,ABW,MANUFACTURE,1
ARE,United Arab Emirates,ANALYSIS,1
ARE,United Arab Emirates,MANUFACTURE,6
ARE,United Arab Emirates,PACK,2
ARG,Argentina,ANALYSIS,7
ARG,Argentina,API MANUFACTURE,9
ARG,Argentina,LABEL,2
ARG,Argentina,MANUFACTURE,7
ARG,Argentina,PACK,2
ARG,Argentina,PARTICLE SIZE REDUCTION,1
ARM,Armenia,MANUFACTURE,1
AUS,Australia,ANALYSIS,22
AUS,Australia,API MANUFACTURE,6
AUS,Australia,LABEL,18
AUS,Australia,MANUFACTURE,29
AUS,Australia,PACK,19
AUS,Australia,PARTICLE SIZE REDUCTION,1
AUS,Australia,RELABEL,2
AUS,Australia,REPACK,2
AUS,Australia,STERILIZE,4
AUT,Austria,ANALYSIS,27
AUT,Austria,API MANUFACTURE,15
AUT,Austria,LABEL,9
AUT,Austria,MANUFACTURE,15
AUT,Austria,PACK,10
AUT,Austria,RELABEL,5
AUT,Austria,REPACK,6
AUT,Austria,STERILIZE,1
BEL,Belgium,ANALYSIS,35
BEL,Belgium,API MANUFACTURE,15
BEL,Belgium,DISTRIBUTE,1
BEL,Belgium,LABEL,20
BEL,Belgium,MANUFACTURE,26
BEL,Belgium,PACK,20
BEL,Belgium,RELABEL,1
BEL,Belgium,REPACK,1
BEL,Belgium,STERILIZE,8
BGD,Bangladesh,ANALYSIS,8
BGD,Bangladesh,LABEL,5
BGD,Bangladesh,MANUFACTURE,10
BGD,Bangladesh,PACK,7
BGR,Bulgaria,ANALYSIS,4
BGR,Bulgaria,API MANUFACTURE,2
BGR,Bulgaria,LABEL,3
BGR,Bulgaria,MANUFACTURE,5
BGR,Bulgaria,MEDICATED ANIMAL FEED MANUFACTURE,1
BGR,Bulgaria,PACK,3
BGR,Bulgaria,STERILIZE,1
BOL,BOL,MANUFACTURE,1
BRA,Brazil,ANALYSIS,19
BRA,Brazil,API MANUFACTURE,11
BRA,Brazil,LABEL,7
BRA,Brazil,MANUFACTURE,9
BRA,Brazil,MEDICATED ANIMAL FEED MANUFACTURE,2
BRA,Brazil,PACK,6
BRA,Brazil,RELABEL,2
BRA,Brazil,REPACK,1
BRA,Brazil,STERILIZE,2
BRB,BRB,LABEL,1
BRB,BRB,MANUFACTURE,1
CAN,Canada,ANALYSIS,103
CAN,Canada,API MANUFACTURE,43
CAN,Canada,DISTRIBUTE,1
CAN,Canada,LABEL,88
CAN,Canada,MANUFACTURE,140
CAN,Canada,MEDICATED ANIMAL FEED MANUFACTURE,7
CAN,Canada,PACK,91
CAN,Canada,PARTICLE SIZE REDUCTION,1
CAN,Canada,RELABEL,17
CAN,Canada,REPACK,19
CAN,Canada,SIP FOREIGN SELLER,2
CAN,Canada,STERILIZE,6
CHE,Switzerland,ANALYSIS,78
CHE,Switzerland,API MANUFACTURE,41
CHE,Switzerland,LABEL,31
CHE,Switzerland,MANUFACTURE,60
CHE,Switzerland,PACK,31
CHE,Switzerland,PARTICLE SIZE REDUCTION,3
CHE,Switzerland,RELABEL,3
CHE,Switzerland,REPACK,5
CHE,Switzerland,STERILIZE,4
CHL,Chile,ANALYSIS,1
CHL,Chile,API MANUFACTURE,1
CHL,Chile,LABEL,1
CHL,Chile,MANUFACTURE,1
CHL,Chile,PACK,1
CHN,China,ANALYSIS,262
CHN,China,API MANUFACTURE,532
CHN,China,LABEL,330
CHN,China,MANUFACTURE,636
CHN,China,MEDICATED ANIMAL FEED MANUFACTURE,5
CHN,China,PACK,148
CHN,China,PARTICLE SIZE REDUCTION,5
CHN,China,RELABEL,16
CHN,China,REPACK,25
CHN,China,STERILIZE,24
COG,COG,API MANUFACTURE,1
COL,Colombia,ANALYSIS,2
COL,Colombia,LABEL,3
COL,Colombia,MANUFACTURE,9
COL,Colombia,PACK,3
COL,Colombia,STERILIZE,1
CRI,Costa Rica,ANALYSIS,2
CRI,Costa Rica,API MANUFACTURE,1
CRI,Costa Rica,MANUFACTURE,2
CYM,CYM,LABEL,2
CZE,Czech Republic,ANALYSIS,16
CZE,Czech Republic,API MANUFACTURE,10
CZE,Czech Republic,DISTRIBUTE,1
CZE,Czech Republic,LABEL,4
CZE,Czech Republic,MANUFACTURE,7
CZE,Czech Republic,PACK,4
CZE,Czech Republic,PARTICLE SIZE REDUCTION,1
CZE,Czech Republic,RELABEL,1
CZE,Czech Republic,REPACK,1
CZE,Czech Republic,STERILIZE,1
DEU,Germany,ANALYSIS,176
DEU,Germany,API MANUFACTURE,89
DEU,Germany,LABEL,73
DEU,Germany,MANUFACTURE,101
DEU,Germany,PACK,82
DEU,Germany,PARTICLE SIZE REDUCTION,6
DEU,Germany,POSITRON EMISSION TOMOGRAPHY DRUG PRODUCTION,3
DEU,Germany,RELABEL,5
DEU,Germany,REPACK,10
DEU,Germany,STERILIZE,15
DNK,Denmark,ANALYSIS,18
DNK,Denmark,API MANUFACTURE,21
DNK,Denmark,LABEL,10
DNK,Denmark,MANUFACTURE,19
DNK,Denmark,PACK,12
DOM,DOM,ANALYSIS,1
DOM,DOM,API MANUFACTURE,2
DOM,DOM,LABEL,4
DOM,DOM,MANUFACTURE,5
DOM,DOM,PACK,3
DOM,DOM,RELABEL,1
DOM,DOM,REPACK,2
ECU,Ecuador,MANUFACTURE,1
EGY,Egypt,ANALYSIS,1
EGY,Egypt,LABEL,1
EGY,Egypt,MANUFACTURE,4
EGY,Egypt,PACK,1
ESP,Spain,ANALYSIS,95
ESP,Spain,API MANUFACTURE,58
ESP,Spain,LABEL,36
ESP,Spain,MANUFACTURE,58
ESP,Spain,PACK,41
ESP,Spain,PARTICLE SIZE REDUCTION,2
ESP,Spain,RELABEL,1
ESP,Spain,REPACK,2
ESP,Spain,STERILIZE,9
EST,Estonia,ANALYSIS,2
EST,Estonia,API MANUFACTURE,1
EST,Estonia,MANUFACTURE,1
FIN,Finland,ANALYSIS,15
FIN,Finland,API MANUFACTURE,5
FIN,Finland,LABEL,9
FIN,Finland,MANUFACTURE,6
FIN,Finland,PACK,7
FIN,Finland,STERILIZE,2
FRA,France,ANALYSIS,125
FRA,France,API MANUFACTURE,65
FRA,France,LABEL,55
FRA,France,MANUFACTURE,91
FRA,France,MEDICATED ANIMAL FEED MANUFACTURE,1
FRA,France,PACK,58
FRA,France,PARTICLE SIZE REDUCTION,2
FRA,France,RELABEL,8
FRA,France,REPACK,11
FRA,France,STERILIZE,11
GBR,United Kingdom,ANALYSIS,107
GBR,United Kingdom,API MANUFACTURE,46
GBR,United Kingdom,LABEL,47
GBR,United Kingdom,MANUFACTURE,75
GBR,United Kingdom,PACK,51
GBR,United Kingdom,PARTICLE SIZE REDUCTION,2
GBR,United Kingdom,RELABEL,11
GBR,United Kingdom,REPACK,13
GBR,United Kingdom,STERILIZE,11
GRC,Greece,ANALYSIS,7
GRC,Greece,API MANUFACTURE,1
GRC,Greece,LABEL,2
GRC,Greece,MANUFACTURE,5
GRC,Greece,PACK,3
GRC,Greece,RELABEL,1
GRC,Greece,REPACK,1
GTM,Guatemala,MANUFACTURE,1
HKG,HKG,API MANUFACTURE,4
HKG,HKG,DISTRIBUTE,1
HKG,HKG,LABEL,11
HKG,HKG,MANUFACTURE,24
HKG,HKG,MEDICATED ANIMAL FEED MANUFACTURE,1
HKG,HKG,RELABEL,2
HKG,HKG,REPACK,2
HND,HND,LABEL,2
HND,HND,MANUFACTURE,2
HND,HND,PACK,1
HRV,Croatia,ANALYSIS,4
HRV,Croatia,API MANUFACTURE,3
HRV,Croatia,LABEL,2
HRV,Croatia,MANUFACTURE,2
HRV,Croatia,PACK,2
HRV,Croatia,REPACK,1
HRV,Croatia,STERILIZE,1
HUN,Hungary,ANALYSIS,10
HUN,Hungary,API MANUFACTURE,10
HUN,Hungary,LABEL,2
HUN,Hungary,MANUFACTURE,3
HUN,Hungary,PACK,4
HUN,Hungary,REPACK,1
IDN,Indonesia,MANUFACTURE,5
IND,India,ANALYSIS,568
IND,India,API MANUFACTURE,563
IND,India,LABEL,173
IND,India,MANUFACTURE,367
IND,India,PACK,250
IND,India,PARTICLE SIZE REDUCTION,4
IND,India,RELABEL,10
IND,India,REPACK,15
IND,India,STERILIZE,29
IND,India,TRANSFILL,1
IRL,Ireland,ANALYSIS,67
IRL,Ireland,API MANUFACTURE,34
IRL,Ireland,LABEL,28
IRL,Ireland,MANUFACTURE,48
IRL,Ireland,PACK,32
IRL,Ireland,PARTICLE SIZE REDUCTION,1
IRL,Ireland,RELABEL,4
IRL,Ireland,REPACK,5
IRL,Ireland,STERILIZE,4
ISL,ISL,ANALYSIS,2
ISL,ISL,API MANUFACTURE,2
ISL,ISL,LABEL,1
ISL,ISL,MANUFACTURE,1
ISL,ISL,PACK,1
ISR,Israel,ANALYSIS,26
ISR,Israel,API MANUFACTURE,21
ISR,Israel,LABEL,17
ISR,Israel,MANUFACTURE,25
ISR,Israel,PACK,17
ISR,Israel,STERILIZE,2
ITA,Italy,ANALYSIS,120
ITA,Italy,API MANUFACTURE,91
ITA,Italy,LABEL,45
ITA,Italy,MANUFACTURE,84
ITA,Italy,PACK,59
ITA,Italy,PARTICLE SIZE REDUCTION,2
ITA,Italy,RELABEL,1
ITA,Italy,REPACK,1
ITA,Italy,STERILIZE,9
JOR,Jordan,ANALYSIS,2
JOR,Jordan,API MANUFACTURE,1
JOR,Jordan,LABEL,3
JOR,Jordan,MANUFACTURE,4
JOR,Jordan,PACK,3
JPN,Japan,ANALYSIS,85
JPN,Japan,API MANUFACTURE,86
JPN,Japan,LABEL,22
JPN,Japan,MANUFACTURE,66
JPN,Japan,PACK,23
JPN,Japan,PARTICLE SIZE REDUCTION,1
JPN,Japan,RELABEL,1
JPN,Japan,STERILIZE,2
KHM,KHM,MANUFACTURE,1
KHM,KHM,REPACK,1
KOR,South Korea,ANALYSIS,27
KOR,South Korea,API MANUFACTURE,43
KOR,South Korea,LABEL,45
KOR,South Korea,MANUFACTURE,121
KOR,South Korea,PACK,29
KOR,South Korea,RELABEL,3
KOR,South Korea,REPACK,3
LTU,Lithuania,ANALYSIS,5
LTU,Lithuania,API MANUFACTURE,4
LTU,Lithuania,MANUFACTURE,3
LTU,Lithuania,RELABEL,1
LTU,Lithuania,REPACK,1
LVA,Latvia,ANALYSIS,1
LVA,Latvia,API MANUFACTURE,2
MAC,MAC,ANALYSIS,1
MAC,MAC,API MANUFACTURE,1
MAC,MAC,MANUFACTURE,2
MCO,MCO,MANUFACTURE,1
MEX,Mexico,ANALYSIS,34
MEX,Mexico,API MANUFACTURE,22
MEX,Mexico,LABEL,29
MEX,Mexico,MANUFACTURE,57
MEX,Mexico,PACK,27
MEX,Mexico,RELABEL,7
MEX,Mexico,REPACK,9
MEX,Mexico,STERILIZE,2
MLT,Malta,ANALYSIS,6
MLT,Malta,API MANUFACTURE,3
MLT,Malta,LABEL,1
MLT,Malta,MANUFACTURE,3
MLT,Malta,PACK,3
MMR,MMR,MANUFACTURE,1
MMR,MMR,REPACK,1
MYS,Malaysia,ANALYSIS,4
MYS,Malaysia,API MANUFACTURE,4
MYS,Malaysia,LABEL,5
MYS,Malaysia,MANUFACTURE,12
MYS,Malaysia,PACK,6
NLD,Netherlands,ANALYSIS,30
NLD,Netherlands,API MANUFACTURE,26
NLD,Netherlands,LABEL,17
NLD,Netherlands,MANUFACTURE,22
NLD,Netherlands,PACK,18
NLD,Netherlands,RELABEL,4
NLD,Netherlands,REPACK,5
NLD,Netherlands,STERILIZE,8
NOR,Norway,ANALYSIS,4
NOR,Norway,API MANUFACTURE,5
NOR,Norway,LABEL,2
NOR,Norway,MANUFACTURE,5
NOR,Norway,PACK,4
NZL,New Zealand,ANALYSIS,3
NZL,New Zealand,API MANUFACTURE,3
NZL,New Zealand,LABEL,3
NZL,New Zealand,MANUFACTURE,8
NZL,New Zealand,PACK,2
NZL,New Zealand,RELABEL,2
NZL,New Zealand,REPACK,2
OMN,OMN,ANALYSIS,1
OMN,OMN,MANUFACTURE,1
OMN,OMN,PACK,1
PAK,Pakistan,LABEL,3
PAK,Pakistan,MANUFACTURE,7
PAK,Pakistan,PACK,3
PER,Peru,MANUFACTURE,1
PHL,Philippines,ANALYSIS,1
PHL,Philippines,MANUFACTURE,3
POL,Poland,ANALYSIS,10
POL,Poland,API MANUFACTURE,8
POL,Poland,LABEL,4
POL,Poland,MANUFACTURE,7
POL,Poland,PACK,3
POL,Poland,STERILIZE,1
PRT,Portugal,ANALYSIS,15
PRT,Portugal,API MANUFACTURE,3
PRT,Portugal,LABEL,6
PRT,Portugal,MANUFACTURE,12
PRT,Portugal,PACK,7
PRT,Portugal,RELABEL,2
PRT,Portugal,REPACK,2
PRT,Portugal,STERILIZE,1
PRY,PRY,API MANUFACTURE,1
ROU,Romania,ANALYSIS,5
ROU,Romania,API MANUFACTURE,2
ROU,Romania,LABEL,2
ROU,Romania,MANUFACTURE,6
ROU,Romania,PACK,3
ROU,Romania,STERILIZE,1
RWA,RWA,API MANUFACTURE,1
SAU,Saudi Arabia,ANALYSIS,1
SAU,Saudi Arabia,LABEL,1
SAU,Saudi Arabia,MANUFACTURE,1
SAU,Saudi Arabia,PACK,1
SGP,Singapore,ANALYSIS,21
SGP,Singapore,API MANUFACTURE,12
SGP,Singapore,LABEL,6
SGP,Singapore,MANUFACTURE,21
SGP,Singapore,PACK,6
SGP,Singapore,PARTICLE SIZE REDUCTION,1
SGP,Singapore,RELABEL,2
SGP,Singapore,REPACK,2
SGP,Singapore,STERILIZE,2
SLV,SLV,ANALYSIS,1
SLV,SLV,LABEL,1
SLV,SLV,MANUFACTURE,1
SLV,SLV,PACK,1
SRB,Serbia,ANALYSIS,1
SRB,Serbia,MANUFACTURE,1
SVK,Slovakia,ANALYSIS,2
SVK,Slovakia,API MANUFACTURE,4
SVK,Slovakia,LABEL,1
SVK,Slovakia,MANUFACTURE,1
SVN,Slovenia,ANALYSIS,12
SVN,Slovenia,API MANUFACTURE,2
SVN,Slovenia,LABEL,3
SVN,Slovenia,MANUFACTURE,5
SVN,Slovenia,PACK,3
SVN,Slovenia,PARTICLE SIZE REDUCTION,2
SVN,Slovenia,RELABEL,1
SVN,Slovenia,REPACK,1
SVN,Slovenia,STERILIZE,1
SWE,Sweden,ANALYSIS,25
SWE,Sweden,API MANUFACTURE,9
SWE,Sweden,LABEL,10
SWE,Sweden,MANUFACTURE,15
SWE,Sweden,PACK,10
SWE,Sweden,RELABEL,2
THA,Thailand,ANALYSIS,5
THA,Thailand,API MANUFACTURE,3
THA,Thailand,LABEL,2
THA,Thailand,MANUFACTURE,9
THA,Thailand,PACK,2
THA,Thailand,REPACK,1
TUR,Turkey,ANALYSIS,3
TUR,Turkey,API MANUFACTURE,5
TUR,Turkey,LABEL,1
TUR,Turkey,MANUFACTURE,30
TUR,Turkey,PACK,3
TUR,Turkey,PARTICLE SIZE REDUCTION,1
TUR,Turkey,RELABEL,1
TUR,Turkey,REPACK,1
TUR,Turkey,STERILIZE,1
TWN,Taiwan,ANALYSIS,36
TWN,Taiwan,API MANUFACTURE,20
TWN,Taiwan,LABEL,19
TWN,Taiwan,MANUFACTURE,42
TWN,Taiwan,PACK,23
TWN,Taiwan,RELABEL,1
TWN,Taiwan,REPACK,1
TWN,Taiwan,STERILIZE,3
UKR,Ukraine,MANUFACTURE,1
URY,Uruguay,ANALYSIS,2
URY,Uruguay,LABEL,1
URY,Uruguay,MANUFACTURE,1
URY,Uruguay,PACK,1
USA,United States,ANALYSIS,1161
USA,United States,API MANUFACTURE,531
USA,United States,DISTRIBUTE,17
USA,United States,LABEL,1018
USA,United States,MANUFACTURE,3279
USA,United States,MEDICATED ANIMAL FEED MANUFACTURE,715
USA,United States,PACK,931
USA,United States,PARTICLE SIZE REDUCTION,21
USA,United States,POSITRON EMISSION TOMOGRAPHY DRUG PRODUCTION,155
USA,United States,RELABEL,540
USA,United States,REPACK,725
USA,United States,SALVAGE,3
USA,United States,STERILIZE,87
USA,United States,TRANSFILL,155
VNM,Vietnam,ANALYSIS,1
VNM,Vietnam,LABEL,2
VNM,Vietnam,MANUFACTURE,7
VNM,Vietnam,PACK,2
VNM,Vietnam,STERILIZE,1
ZAF,South Africa,ANALYSIS,6
ZAF,South Africa,API MANUFACTURE,5
ZAF,South Africa,LABEL,4
ZAF,South Africa,MANUFACTURE,8
ZAF,South Africa,PACK,6
ZAF,South Africa,RELABEL,1
ZAF,South Africa,REPACK,1
ZAF,South Africa,STERILIZE,2
